<Layer Type = "ActorFrame"><children>
	<Layer Type = "Quad" Name = "bgquad" />
	<Layer Type = "ActorFrame" Name = "bgcircleframe"> <children>
	
		<Layer Type="Sprite" Texture = "orb.png" Name = "circle"/>
		<!-- THE 10 kb circle png -->
		<Layer Type = "Quad" Name = "circletexture" />
		<Layer Type="Sprite" Texture = "grid.png" Name = "gridtexture"/>
		<Layer Type="Quad" Name="clearbuffer" OnCommand="clearzbuffer,1" />
	</children> </Layer>
	<Layer Type = "ActorProxy" Name = "PC[1]" />
	<Layer Type = "ActorProxy" Name = "PC[2]" />
	<Layer Type = "ActorProxy" Name = "PJ[1]" />
	<Layer Type = "ActorProxy" Name = "PJ[2]" />
	<Layer Type = "ActorProxy" Name = "PP[1][1]" />
	<Layer Type = "ActorProxy" Name = "PP[2][1]" />
	<Layer Type = "ActorProxy" Name = "PP[3][1]" />
	<Layer Type = "ActorProxy" Name = "PP[4][1]" />
	
	<Layer Type = "ActorFrameTexture" InitCommand = "%xero.aft" Name = "blur1aft" />
	<Layer Type = "Sprite" Frag = "shader/bloom.frag" InitCommand = "%xero.sprite" Name = "blur1sprite" />
	<Layer Type = "ActorFrameTexture" InitCommand = "%xero.aft" Name = "blur2aft" />
	<Layer Type = "Sprite" Frag = "shader/bloom.frag" InitCommand = "%xero.sprite" Name = "blur2sprite" />
	
	
	<Layer Type = "ActorFrame" Name = "flashlightframe"> <children>
		<Layer Type="Sprite" Texture = "orb.png" Name = "flashlight"/>
		<Layer Type = "Quad" Name = "cover" />
	</children> </Layer>
	<Layer Type="Quad" Name="clearbuffer" OnCommand="clearzbuffer,1" />
</children></Layer>
